1stFlrSF,2ndFlrSF,BedroomAbvGr,BsmtExposure,BsmtFinSF1,BsmtFinType1,BsmtUnfSF,GarageArea,GarageFinish,GrLivArea,KitchenQual,LotArea,LotFrontage,MasVnrArea,OpenPorchSF,OverallCond,OverallQual,TotalBsmtSF,HouseAge,RemodelAge,GarageAge
-0.6598860665958082,-0.8249200621102627,-1.1083912244270624,-0.6663144388772279,0.6422113579521743,-0.3087524797537735,-0.02495914335115103,1.202535578749403,-0.9930004554418282,-1.4089784390668483,-0.7710908429952241,0.48294433128246655,0.572719096870146,-0.8068408258386879,-1.0729164749626994,0.38174271465157283,-0.7951514718918303,0.028608010742789104,0.3400774437047997,1.1563797725667158,0.7332188211354155
0.5813700048637581,-0.8249200621102627,0.15389519340718963,-0.6663144388772279,0.8689258596410465,0.6660602714496169,0.19447411721409155,-0.7531882552892905,-0.9930004554418282,-0.22683094148762215,0.7359943387625092,0.8793801859368943,0.6117600910004277,0.9783949917619987,0.6052922284374697,0.38174271465157283,-0.07183611428306244,0.3862451869295933,0.4394396746051415,1.3017403340361857,0.8582771714692597
-0.5494215155921905,1.181569710128667,0.15389519340718963,-0.6663144388772279,0.8173881585693257,1.153466647051312,-0.38908481136367423,0.04220182075515426,1.4594704274538164,0.3836368929877743,-0.7710908429952241,0.8192345730988647,0.3278443713721106,-0.8068408258386879,0.5794656075862734,-0.5171998069472914,-0.7951514718918303,0.07294805280296297,-0.8522693270993014,-0.6364004855567484,-0.7674813828707152
-0.5562132618684567,1.1713711411318866,0.15389519340718963,-0.6663144388772279,0.7262341329037091,1.153466647051312,0.07308111201673927,-0.013943361083277135,1.4594704274538164,0.33724801029934903,0.7359943387625092,0.18807691782647776,0.49316992596150244,0.35171544407711774,0.6052922284374697,0.38174271465157283,-0.07183611428306244,0.07106633136662659,-0.8853900707327486,-0.6364004855567484,-0.8091674996486633
