1stFlrSF,2ndFlrSF,BedroomAbvGr,BsmtExposure,BsmtFinSF1,BsmtFinType1,BsmtUnfSF,GarageArea,GarageFinish,GrLivArea,KitchenQual,LotArea,LotFrontage,MasVnrArea,OpenPorchSF,OverallCond,OverallQual,TotalBsmtSF,HouseAge,RemodelAge,GarageAge
6.799055862058796,0.0,2,0.6931471805599453,6.150602768446279,3,5.602118820879701,730.0,1,6.799055862058796,3,9.360741172643708,4.394449154672439,0.0,0.0,6,5,6.78332520060396,49,49,49.0
7.1929342212158,0.0,3,0.6931471805599453,6.828712071641684,5,6.008813185442595,312.0,1,7.1929342212158,4,9.565774546478782,4.406719247264253,4.6913478822291435,3.6109179126442243,6,6,7.1929342212158,52,52,52.0
6.834108738813838,6.553933404025811,3,0.6931471805599453,6.674561391814426,6,4.927253685157205,482.0,3,7.396335293800808,3,9.534667728624708,4.31748811353631,0.0,3.5553480614894135,5,5,6.834108738813838,13,12,13.0
6.831953565565855,6.520621127558696,3,0.6931471805599453,6.401917196727186,6,5.783825182329737,470.0,3,7.380879035564116,4,9.208238163884312,4.3694478524670215,3.044522437723423,3.6109179126442243,6,6,6.831953565565855,12,12,12.0
